Sample Number (10000 samples per second),RP =M (),SPEED (),THROTTLE (),load ()
0,849.0,0.0,18.82353,37.2549
1,849.0,0.0,18.82353,36.862743
2,856.25,0.0,18.82353,36.862743
3,856.25,0.0,18.82353,36.862743
4,856.25,0.0,18.82353,36.862743
5,851.5,0.0,18.82353,37.2549
6,851.5,0.0,18.82353,37.2549
7,851.5,0.0,18.82353,37.2549
8,851.5,0.0,18.82353,37.2549
9,851.5,0.0,18.82353,36.862743
10,852.25,0.0,18.82353,36.862743
11,852.25,0.0,18.82353,36.862743
12,852.25,0.0,18.82353,36.862743
13,853.0,0.0,18.82353,36.862743
14,853.0,0.0,18.82353,36.862743
15,853.0,0.0,18.82353,36.862743
16,853.0,0.0,18.82353,36.862743
17,856.25,0.0,18.82353,36.862743
18,856.25,0.0,18.82353,36.862743
19,856.25,0.0,18.82353,36.862743
20,856.25,0.0,18.82353,36.862743
21,859.25,0.0,18.82353,36.862743
22,859.25,0.0,18.82353,36.862743
23,859.25,0.0,18.82353,36.862743
24,887.5,0.0,18.82353,29.019608
25,887.5,0.0,17.647058,29.019608
26,887.5,0.0,17.647058,29.019608
27,887.5,0.0,17.647058,29.019608
28,887.5,0.0,17.254902,27.843138
29,887.5,0.0,17.254902,27.843138
30,887.5,0.0,17.254902,27.843138
31,887.5,0.0,17.254902,27.058823
32,860.75,0.0,17.254902,27.058823
33,860.75,0.0,17.254902,27.058823
34,860.75,0.0,17.254902,27.058823
35,811.5,0.0,17.254902,26.666666
36,811.5,0.0,16.862745,26.666666
37,811.5,0.0,16.862745,26.666666
38,811.5,0.0,16.862745,26.666666
39,843.75,0.0,19.215687,40.784313
40,843.75,0.0,19.215687,40.784313
41,843.75,0.0,19.215687,40.784313
42,843.75,0.0,19.215687,40.784313
43,881.25,0.0,18.82353,36.862743
44,881.25,0.0,18.82353,36.862743
45,881.25,0.0,18.82353,36.862743
46,881.25,0.0,18.82353,36.862743
47,881.25,0.0,18.82353,36.07843
48,881.25,0.0,18.82353,36.07843
49,881.25,0.0,18.82353,36.07843
50,881.25,0.0,18.82353,36.47059
51,856.25,0.0,18.82353,36.47059
52,856.25,0.0,18.82353,36.47059
53,856.25,0.0,18.82353,36.47059
54,847.5,0.0,18.82353,36.47059
55,847.5,0.0,18.82353,36.47059
56,847.5,0.0,18.82353,36.47059
57,847.5,0.0,18.82353,36.47059
58,848.25,0.0,18.82353,36.47059
59,848.25,0.0,18.82353,36.47059
60,848.25,0.0,18.82353,36.47059
61,848.25,0.0,18.82353,36.47059
62,843.75,0.0,18.82353,36.862743
63,843.75,0.0,18.82353,36.862743
64,843.75,0.0,18.82353,36.862743
65,845.25,0.0,18.82353,36.862743
66,845.25,0.0,18.82353,36.862743
67,845.25,0.0,18.82353,36.862743
68,845.25,0.0,18.82353,36.862743
69,838.25,0.0,18.82353,37.2549
70,838.25,0.0,18.82353,37.2549
71,838.25,0.0,18.82353,37.2549
72,838.25,0.0,18.82353,37.2549
73,842.75,0.0,18.82353,36.862743
74,842.75,0.0,18.82353,36.862743
75,842.75,0.0,18.82353,36.862743
76,862.5,0.0,18.82353,27.843138
77,862.5,0.0,17.254902,27.843138
78,862.5,0.0,17.254902,27.843138
79,862.5,0.0,17.254902,27.843138
80,862.5,0.0,17.254902,26.666666
81,801.5,0.0,16.862745,26.666666
82,801.5,0.0,16.862745,26.666666
83,801.5,0.0,16.862745,26.666666
84,763.25,0.0,16.862745,26.666666
85,763.25,0.0,16.862745,26.666666
86,763.25,0.0,16.862745,26.666666
87,763.25,0.0,16.862745,26.666666
88,815.5,0.0,19.215687,42.7451
89,815.5,0.0,19.215687,42.7451
90,815.5,0.0,19.215687,42.7451
91,815.5,0.0,19.215687,40.784313
92,853.0,0.0,19.215687,40.784313
93,853.0,0.0,19.215687,40.784313
94,853.0,0.0,19.215687,40.784313
95,883.5,0.0,19.215687,38.431374
96,883.5,0.0,19.215687,38.431374
97,883.5,0.0,19.215687,38.431374
98,883.5,0.0,19.215687,38.431374
99,885.0,0.0,18.82353,36.862743
100,885.0,0.0,18.82353,36.862743
101,885.0,0.0,18.82353,36.862743
102,885.0,0.0,18.82353,36.47059
103,874.0,0.0,18.82353,36.47059
104,874.0,0.0,18.82353,36.47059
105,874.0,0.0,18.82353,36.47059
106,864.0,0.0,18.82353,36.862743
107,864.0,0.0,18.82353,36.862743
108,864.0,0.0,18.82353,36.862743
109,864.0,0.0,18.82353,36.862743
110,850.0,0.0,18.82353,36.862743
111,850.0,0.0,18.82353,36.862743
112,850.0,0.0,18.82353,36.862743
113,850.0,0.0,18.82353,36.862743
114,842.75,0.0,18.82353,37.2549
115,842.75,0.0,18.82353,37.2549
116,842.75,0.0,18.82353,37.2549
117,842.75,0.0,18.82353,37.2549
118,840.5,0.0,18.82353,37.2549
119,840.5,0.0,18.82353,37.2549
120,840.5,0.0,18.82353,37.2549
121,860.75,0.0,18.82353,37.64706
122,860.75,0.0,17.254902,37.64706
123,860.75,0.0,17.254902,37.64706
124,860.75,0.0,17.254902,37.64706
125,831.25,0.0,17.254902,27.450981
126,831.25,0.0,17.254902,27.450981
127,831.25,0.0,17.254902,27.450981
128,831.25,0.0,17.254902,27.058823
129,797.5,0.0,16.862745,27.058823
130,797.5,0.0,16.862745,27.058823
131,797.5,0.0,16.862745,27.058823
132,764.0,0.0,16.862745,26.666666
133,764.0,0.0,16.470589,26.666666
134,764.0,0.0,16.470589,26.666666
135,764.0,0.0,16.470589,26.666666
136,730.25,0.0,16.862745,27.058823
137,730.25,0.0,16.862745,27.058823
138,730.25,0.0,16.862745,27.058823
139,730.25,0.0,16.862745,44.313725
140,781.25,0.0,19.215687,44.313725
141,781.25,0.0,19.215687,44.313725
142,781.25,0.0,19.215687,44.313725
143,837.5,0.0,19.215687,42.35294
144,837.5,0.0,19.215687,42.35294
145,837.5,0.0,19.215687,42.35294
146,837.5,0.0,19.215687,42.35294
147,837.5,0.0,19.215687,40.39216
148,887.5,0.0,19.215687,40.39216
149,887.5,0.0,19.215687,40.39216
150,887.5,0.0,19.215687,40.39216
151,880.25,0.0,18.82353,37.2549
152,880.25,0.0,18.82353,37.2549
153,880.25,0.0,18.82353,37.2549
154,880.25,0.0,18.82353,37.2549
155,869.5,0.0,18.82353,36.862743
156,869.5,0.0,18.82353,36.862743
157,869.5,0.0,18.82353,36.862743
158,869.5,0.0,18.82353,36.862743
159,855.25,0.0,18.82353,36.862743
160,855.25,0.0,18.82353,36.862743
161,855.25,0.0,18.82353,36.862743
162,845.25,0.0,18.82353,38.039215
163,845.25,0.0,18.82353,38.039215
164,845.25,0.0,18.82353,38.039215
165,845.25,0.0,18.82353,38.039215
166,690.5,0.0,19.607843,40.0
167,690.5,0.0,19.607843,40.0
168,690.5,0.0,19.607843,40.0
169,690.5,0.0,19.607843,41.17647
170,817.0,0.0,19.215687,41.17647
171,817.0,0.0,19.215687,41.17647
172,817.0,0.0,19.215687,41.17647
173,775.0,0.0,19.215687,43.137257
174,775.0,0.0,19.215687,43.137257
175,775.0,0.0,19.215687,43.137257
176,775.0,0.0,19.215687,43.137257
177,750.75,0.0,17.254902,32.156864
178,750.75,0.0,17.254902,32.156864
179,750.75,0.0,17.254902,32.156864
180,750.75,0.0,17.254902,30.588236
181,721.0,0.0,16.862745,30.588236
182,721.0,0.0,16.862745,30.588236
183,721.0,0.0,16.862745,30.588236
184,721.0,0.0,16.862745,34.509804
185,658.5,0.0,17.254902,34.509804
186,658.5,0.0,17.254902,34.509804
187,658.5,0.0,17.254902,34.509804
188,699.0,0.0,17.254902,50.980392
189,699.0,0.0,19.215687,50.980392
190,699.0,0.0,19.215687,50.980392
191,699.0,0.0,19.215687,50.980392
192,761.5,0.0,19.215687,50.19608
193,761.5,0.0,19.215687,50.19608
194,761.5,0.0,19.215687,50.19608
195,761.5,0.0,19.215687,48.235294
196,818.75,0.0,19.607843,48.235294
197,818.75,0.0,19.607843,48.235294
198,818.75,0.0,19.607843,48.235294
199,882.0,0.0,19.607843,41.568626
200,882.0,0.0,19.607843,41.568626
201,882.0,0.0,19.607843,41.568626
202,882.0,0.0,19.607843,41.568626
203,691.25,0.0,19.215687,51.372547
204,691.25,0.0,19.215687,51.372547
205,691.25,0.0,19.215687,51.372547
206,691.25,0.0,19.215687,46.666668
207,816.25,6.0,19.215687,46.666668
208,816.25,6.0,19.215687,46.666668
209,816.25,6.0,19.215687,46.666668
210,847.5,6.0,19.215687,42.7451
211,847.5,6.0,19.215687,42.7451
212,847.5,6.0,19.215687,42.7451
213,847.5,6.0,19.215687,42.7451
214,798.25,3.0,19.215687,62.35294
215,798.25,3.0,19.215687,62.35294
216,798.25,3.0,19.215687,62.35294
217,798.25,3.0,19.215687,49.411766
218,767.75,3.0,19.215687,49.411766
219,767.75,3.0,19.215687,49.411766
220,767.75,3.0,19.215687,49.411766
221,767.75,3.0,19.215687,49.411766
222,806.25,4.0,19.215687,43.92157
223,806.25,4.0,19.215687,43.92157
224,806.25,4.0,19.215687,43.92157
225,806.25,4.0,19.215687,29.411764
226,806.25,3.0,17.254902,29.411764
227,806.25,3.0,17.254902,29.411764
228,806.25,3.0,17.254902,29.411764
229,807.75,3.0,17.647058,30.588236
230,807.75,3.0,17.647058,30.588236
231,807.75,3.0,17.647058,30.588236
232,807.75,3.0,17.647058,30.588236
233,771.75,5.0,19.215687,40.784313
234,771.75,5.0,19.215687,40.784313
235,771.75,5.0,19.215687,40.784313
236,771.75,5.0,19.215687,38.039215
237,1268.75,7.0,20.0,38.039215
238,1268.75,7.0,20.0,38.039215
239,1268.75,7.0,20.0,38.039215
240,727.25,11.0,20.0,30.19608
241,727.25,11.0,19.215687,30.19608
242,727.25,11.0,19.215687,30.19608
243,727.25,11.0,19.215687,30.19608
244,1004.5,12.0,20.784313,66.27451
245,1004.5,12.0,20.784313,66.27451
246,1004.5,12.0,20.784313,66.27451
247,1004.5,12.0,20.784313,33.72549
248,1089.75,14.0,19.215687,33.72549
249,1089.75,14.0,19.215687,33.72549
250,1089.75,14.0,19.215687,33.72549
251,1032.0,15.0,19.215687,34.901962
252,1032.0,15.0,19.215687,34.901962
253,1032.0,15.0,19.215687,34.901962
254,1032.0,15.0,19.215687,34.901962
255,993.75,14.0,19.215687,36.862743
256,993.75,14.0,19.215687,36.862743
257,993.75,14.0,19.215687,36.862743
258,993.75,14.0,19.215687,36.862743
259,978.75,13.0,19.215687,36.862743
260,978.75,13.0,19.215687,36.862743
261,978.75,13.0,19.215687,36.862743
262,978.75,13.0,19.215687,27.058823
263,950.0,11.0,16.862745,27.058823
264,950.0,11.0,16.862745,27.058823
265,950.0,11.0,16.862745,27.058823
266,842.0,13.0,16.862745,27.843138
267,842.0,13.0,16.862745,27.843138
268,842.0,13.0,16.862745,27.843138
269,842.0,13.0,16.862745,27.843138
270,822.5,10.0,16.862745,29.019608
271,822.5,10.0,16.862745,29.019608
272,822.5,10.0,16.862745,29.019608
273,822.5,10.0,16.862745,29.019608
274,544.5,6.0,17.254902,41.960785
275,544.5,6.0,17.254902,41.960785
276,544.5,6.0,17.254902,41.960785
277,764.75,6.0,17.254902,70.588234
278,764.75,9.0,21.568628,70.588234
279,764.75,9.0,21.568628,70.588234
280,764.75,9.0,21.568628,70.588234
281,940.5,13.0,19.215687,38.431374
282,940.5,13.0,19.215687,38.431374
283,940.5,13.0,19.215687,38.431374
284,940.5,13.0,19.215687,38.431374
285,923.25,12.0,19.215687,38.82353
286,923.25,12.0,19.215687,38.82353
287,923.25,12.0,19.215687,38.82353
288,923.25,12.0,19.215687,38.431374
289,928.75,10.0,19.215687,38.431374
290,928.75,10.0,19.215687,38.431374
291,928.75,10.0,19.215687,38.431374
292,928.75,10.0,19.215687,38.82353
293,926.5,3.0,19.215687,38.82353
294,926.5,3.0,19.215687,38.82353
295,926.5,3.0,19.215687,38.82353
296,916.25,3.0,19.215687,40.39216
297,916.25,3.0,19.215687,40.39216
298,916.25,3.0,19.215687,40.39216
299,916.25,3.0,19.215687,40.39216
300,817.75,0.0,19.607843,64.31373
301,817.75,0.0,19.607843,64.31373
302,817.75,0.0,19.607843,64.31373
303,817.75,0.0,19.607843,47.45098
304,1261.5,0.0,18.431372,47.45098
305,1261.5,0.0,18.431372,47.45098
306,1261.5,0.0,18.431372,47.45098
307,1465.5,0.0,17.647058,54.117645
308,1465.5,0.0,17.647058,54.117645
309,1465.5,0.0,17.647058,54.117645
310,1465.5,0.0,17.647058,54.117645
311,988.25,0.0,18.039215,29.019608
312,988.25,0.0,18.039215,29.019608
313,988.25,0.0,18.039215,29.019608
314,988.25,0.0,18.039215,35.294117
315,747.5,0.0,16.862745,35.294117
316,747.5,0.0,16.862745,35.294117
317,747.5,0.0,16.862745,35.294117
318,713.25,0.0,16.862745,31.764706
319,713.25,0.0,16.862745,31.764706
320,713.25,0.0,16.862745,31.764706
321,713.25,0.0,16.862745,31.764706
322,685.75,0.0,29.411764,46.666668
323,685.75,0.0,29.411764,46.666668
324,685.75,0.0,29.411764,46.666668
325,685.75,0.0,29.411764,42.35294
326,863.25,0.0,19.215687,42.35294
327,863.25,0.0,19.215687,42.35294
328,863.25,0.0,19.215687,42.35294
329,863.25,0.0,19.215687,42.35294
330,679.5,0.0,19.215687,49.411766
331,679.5,0.0,19.215687,49.411766
332,679.5,0.0,19.215687,49.411766
333,927.25,0.0,19.215687,41.17647
334,927.25,6.0,23.529411,41.17647
335,927.25,6.0,23.529411,41.17647
336,927.25,6.0,23.529411,41.17647
337,1635.75,12.0,19.215687,27.843138
338,1635.75,12.0,19.215687,27.843138
339,1635.75,12.0,19.215687,27.843138
340,1635.75,12.0,19.215687,27.843138
341,1018.75,15.0,19.215687,36.862743
342,1018.75,15.0,19.215687,36.862743
343,1018.75,15.0,19.215687,36.862743
344,1018.75,15.0,19.215687,37.64706
345,985.75,14.0,19.215687,37.64706
346,985.75,14.0,19.215687,37.64706
347,985.75,14.0,19.215687,37.64706
348,969.5,13.0,19.215687,37.64706
349,969.5,13.0,19.215687,37.64706
350,969.5,13.0,19.215687,37.64706
351,969.5,13.0,19.215687,37.64706
352,874.0,3.0,16.862745,27.843138
353,874.0,3.0,16.862745,27.843138
354,874.0,3.0,16.862745,27.843138
355,874.0,3.0,16.862745,27.843138
356,833.5,3.0,16.862745,28.235294
357,833.5,3.0,16.862745,28.235294
358,833.5,3.0,16.862745,28.235294
359,833.5,3.0,16.862745,28.235294
360,822.5,0.0,16.862745,28.235294
361,822.5,0.0,16.862745,28.235294
362,822.5,0.0,16.862745,28.235294
363,811.5,0.0,16.862745,27.843138
364,811.5,0.0,16.862745,27.843138
365,811.5,0.0,16.862745,27.843138
366,811.5,0.0,16.862745,27.843138
367,624.0,0.0,16.862745,42.7451
368,624.0,0.0,19.215687,42.7451
369,624.0,0.0,19.215687,42.7451
370,624.0,0.0,19.215687,42.7451
371,910.75,6.0,21.17647,61.17647
372,910.75,6.0,21.17647,61.17647
373,910.75,6.0,21.17647,61.17647
374,910.75,6.0,21.17647,34.901962
375,1018.75,8.0,19.215687,34.901962
376,1018.75,8.0,19.215687,34.901962
377,1018.75,8.0,19.215687,34.901962
378,1007.0,4.0,19.215687,35.686275
379,1007.0,4.0,19.215687,35.686275
380,1007.0,4.0,19.215687,35.686275
381,1007.0,4.0,19.215687,35.686275
382,969.5,3.0,19.215687,36.862743
383,969.5,3.0,19.215687,36.862743
384,969.5,3.0,19.215687,36.862743
385,969.5,3.0,19.215687,36.862743
386,931.25,5.0,23.529411,62.35294
387,931.25,5.0,23.529411,62.35294
388,931.25,5.0,23.529411,62.35294
389,931.25,5.0,23.529411,25.882353
390,1578.75,11.0,18.039215,25.882353
391,1578.75,11.0,18.039215,25.882353
392,1578.75,11.0,18.039215,25.882353
393,936.5,13.0,18.039215,31.764706
394,936.5,13.0,18.431372,31.764706
395,936.5,13.0,18.431372,31.764706
396,936.5,13.0,18.431372,31.764706
397,911.5,13.0,16.862745,26.27451
398,911.5,13.0,16.862745,26.27451
399,911.5,13.0,16.862745,26.27451
400,911.5,13.0,16.862745,26.27451
401,834.25,12.0,16.862745,27.843138
402,834.25,12.0,16.862745,27.843138
403,834.25,12.0,16.862745,27.843138
404,834.25,12.0,16.862745,28.62745
405,797.5,7.0,16.862745,28.62745
406,797.5,7.0,16.862745,28.62745
407,797.5,7.0,16.862745,28.62745
408,851.5,3.0,19.215687,42.7451
409,851.5,3.0,19.215687,42.7451
410,851.5,3.0,19.215687,42.7451
411,851.5,3.0,19.215687,42.7451
412,885.0,3.0,19.215687,40.39216
413,885.0,3.0,19.215687,40.39216
414,885.0,3.0,19.215687,40.39216
415,885.0,3.0,19.215687,40.0
416,897.5,0.0,19.215687,40.0
417,897.5,0.0,19.215687,40.0
418,897.5,0.0,19.215687,40.0
419,841.25,0.0,19.215687,39.60784
420,841.25,0.0,19.215687,39.60784
421,841.25,0.0,19.215687,39.60784
422,841.25,0.0,19.215687,39.60784
423,1549.0,10.0,19.215687,48.235294
424,1549.0,10.0,19.215687,48.235294
425,1549.0,10.0,19.215687,48.235294
426,1549.0,10.0,19.215687,48.235294
427,1060.0,12.0,23.137255,82.745094
428,1060.0,12.0,23.137255,82.745094
429,1060.0,12.0,23.137255,82.745094
430,1060.0,12.0,23.137255,46.27451
431,1471.75,20.0,21.960785,46.27451
432,1471.75,20.0,21.960785,46.27451
433,1471.75,20.0,21.960785,46.27451
434,1530.25,24.0,21.960785,23.137255
435,1530.25,24.0,18.039215,23.137255
436,1530.25,24.0,18.039215,23.137255
437,1530.25,24.0,18.039215,23.137255
438,1072.5,23.0,18.82353,31.764706
439,1072.5,23.0,18.82353,31.764706
440,1072.5,23.0,18.82353,31.764706
441,1072.5,23.0,18.82353,30.980392
442,1080.25,22.0,18.82353,30.980392
443,1080.25,22.0,18.82353,30.980392
444,1080.25,22.0,18.82353,30.980392
445,1152.25,22.0,18.82353,46.27451
446,1152.25,22.0,20.784313,46.27451
447,1152.25,22.0,20.784313,46.27451
448,1152.25,22.0,20.784313,46.27451
449,1373.25,26.0,25.490196,75.29412
450,1373.25,26.0,25.490196,75.29412
451,1373.25,26.0,25.490196,75.29412
452,1373.25,26.0,25.490196,50.19608
453,1590.5,32.0,22.352942,50.19608
454,1590.5,32.0,22.352942,50.19608
455,1590.5,32.0,22.352942,50.19608
456,1590.5,32.0,22.352942,50.19608
457,1707.0,35.0,22.352942,44.705883
458,1707.0,35.0,22.352942,44.705883
459,1707.0,35.0,22.352942,44.705883
460,1707.0,35.0,22.352942,26.27451
461,1764.75,37.0,19.215687,26.27451
462,1764.75,37.0,19.215687,26.27451
463,1764.75,37.0,19.215687,26.27451
464,1645.25,35.0,20.392157,30.980392
465,1645.25,35.0,20.392157,30.980392
466,1645.25,35.0,20.392157,30.980392
467,1645.25,35.0,20.392157,30.980392
468,1652.25,34.0,21.17647,34.509804
469,1652.25,34.0,21.17647,34.509804
470,1652.25,34.0,21.17647,34.509804
471,1652.25,34.0,21.17647,37.64706
472,1639.75,36.0,20.784313,37.64706
473,1639.75,36.0,20.784313,37.64706
474,1639.75,36.0,20.784313,37.64706
475,1760.0,36.0,20.784313,36.47059
476,1760.0,36.0,20.784313,36.47059
477,1760.0,36.0,20.784313,36.47059
478,1760.0,36.0,20.784313,36.47059
479,1790.5,37.0,20.392157,28.62745
480,1790.5,37.0,20.392157,28.62745
481,1790.5,37.0,20.392157,28.62745
482,1790.5,37.0,20.392157,24.705883
483,1791.25,37.0,19.215687,24.705883
484,1791.25,37.0,19.215687,24.705883
485,1791.25,37.0,19.215687,24.705883
486,1764.75,37.0,19.215687,24.313726
487,1764.75,37.0,19.215687,24.313726
488,1764.75,37.0,19.215687,24.313726
489,1764.75,37.0,19.215687,24.313726
490,1705.25,36.0,18.431372,20.392157
491,1705.25,36.0,18.431372,20.392157
492,1705.25,36.0,18.431372,20.392157
493,1705.25,36.0,18.431372,25.882353
494,1611.5,35.0,19.607843,25.882353
495,1611.5,35.0,19.607843,25.882353
496,1611.5,35.0,19.607843,25.882353
497,1611.5,35.0,19.607843,34.509804
498,1537.5,33.0,20.0,34.509804
499,1537.5,33.0,20.0,34.509804
500,1537.5,33.0,20.0,34.509804
501,1533.5,32.0,20.0,40.0
502,1533.5,32.0,20.784313,40.0
503,1533.5,32.0,20.784313,40.0
504,1533.5,32.0,20.784313,40.0
505,1553.0,33.0,21.17647,43.52941
506,1553.0,33.0,21.17647,43.52941
507,1553.0,33.0,21.17647,43.52941
508,1553.0,33.0,21.17647,30.19608
509,1593.75,33.0,20.0,30.19608
510,1593.75,33.0,20.0,30.19608
511,1593.75,33.0,20.0,30.19608
512,1593.75,33.0,20.0,25.490196
513,1583.5,35.0,19.215687,25.490196
514,1583.5,35.0,19.215687,25.490196
515,1583.5,35.0,19.215687,25.490196
516,1544.5,33.0,20.0,25.490196
517,1544.5,33.0,20.0,25.490196
518,1544.5,33.0,20.0,25.490196
519,1544.5,33.0,20.0,25.490196
520,1584.25,32.0,21.17647,38.431374
521,1584.25,32.0,21.17647,38.431374
522,1584.25,32.0,21.17647,38.431374
523,1584.25,32.0,21.17647,36.862743
524,1675.75,34.0,21.568628,36.862743
525,1675.75,34.0,21.568628,36.862743
526,1675.75,34.0,21.568628,36.862743
527,1734.25,36.0,19.215687,40.784313
528,1734.25,36.0,19.215687,40.784313
529,1734.25,36.0,19.215687,40.784313
530,1734.25,36.0,19.215687,40.784313
531,1490.5,41.0,19.215687,67.84314
532,1490.5,41.0,23.921568,67.84314
533,1490.5,41.0,23.921568,67.84314
534,1490.5,41.0,23.921568,67.84314
535,1475.75,42.0,21.17647,42.35294
536,1475.75,42.0,21.17647,42.35294
537,1475.75,42.0,21.17647,42.35294
538,1475.75,42.0,21.17647,38.82353
539,1476.5,42.0,20.784313,38.82353
540,1476.5,42.0,20.784313,38.82353
541,1476.5,42.0,20.784313,38.82353
542,1431.25,41.0,20.784313,34.509804
543,1431.25,41.0,20.392157,34.509804
544,1431.25,41.0,20.392157,34.509804
545,1431.25,41.0,20.392157,34.509804
546,1423.25,40.0,19.215687,39.60784
547,1423.25,40.0,19.215687,39.60784
548,1423.25,40.0,19.215687,39.60784
549,1423.25,40.0,19.215687,39.60784
550,1375.75,39.0,19.607843,22.352942
551,1375.75,39.0,19.607843,22.352942
552,1375.75,39.0,19.607843,22.352942
553,1375.75,39.0,19.607843,22.352942
554,1342.75,37.0,19.607843,31.764706
555,1342.75,37.0,19.607843,31.764706
556,1342.75,37.0,19.607843,31.764706
557,1342.75,37.0,19.607843,36.07843
558,1353.75,38.0,20.0,36.07843
559,1353.75,38.0,20.0,36.07843
560,1353.75,38.0,20.0,36.07843
561,1359.25,37.0,19.215687,33.72549
562,1359.25,37.0,19.215687,33.72549
563,1359.25,37.0,19.215687,33.72549
564,1359.25,37.0,19.215687,33.72549
565,1312.5,38.0,17.647058,21.568628
566,1312.5,38.0,17.647058,21.568628
567,1312.5,38.0,17.647058,21.568628
568,1312.5,38.0,17.647058,21.568628
569,742.75,36.0,18.82353,30.19608
570,742.75,36.0,18.82353,30.19608
571,742.75,36.0,18.82353,30.19608
572,742.75,36.0,18.82353,41.17647
573,913.25,30.0,19.215687,41.17647
574,913.25,30.0,19.215687,41.17647
575,913.25,30.0,19.215687,41.17647
576,914.75,22.0,19.215687,39.215687
577,914.75,22.0,19.215687,39.215687
578,914.75,22.0,19.215687,39.215687
579,914.75,22.0,19.215687,39.215687
580,935.0,15.0,19.215687,38.82353
581,935.0,15.0,19.215687,38.82353
582,935.0,15.0,19.215687,38.82353
583,935.0,15.0,19.215687,56.47059
584,1214.0,15.0,20.784313,56.47059
585,1214.0,15.0,20.784313,56.47059
586,1214.0,15.0,20.784313,56.47059
587,1328.75,19.0,19.215687,37.64706
588,1328.75,19.0,19.215687,37.64706
589,1328.75,19.0,19.215687,37.64706
590,1328.75,19.0,19.215687,37.64706
591,1004.5,19.0,19.215687,88.23529
592,1004.5,19.0,25.490196,88.23529
593,1004.5,19.0,25.490196,88.23529
594,1004.5,19.0,25.490196,88.23529
595,1260.75,25.0,22.745098,64.70588
596,1260.75,25.0,22.745098,64.70588
597,1260.75,25.0,22.745098,64.70588
598,1260.75,25.0,22.745098,41.960785
599,1414.0,29.0,20.784313,41.960785
600,1414.0,29.0,20.784313,41.960785
601,1414.0,29.0,20.784313,41.960785
602,1475.0,29.0,20.784313,31.37255
603,1475.0,29.0,18.039215,31.37255
604,1475.0,29.0,18.039215,31.37255
605,1475.0,29.0,18.039215,31.37255
606,1500.75,30.0,20.392157,36.07843
607,1500.75,30.0,20.392157,36.07843
608,1500.75,30.0,20.392157,36.07843
609,1500.75,30.0,20.392157,36.07843
610,1499.0,31.0,18.82353,28.235294
611,1499.0,31.0,18.82353,28.235294
612,1499.0,31.0,18.82353,28.235294
613,1499.0,31.0,18.82353,28.235294
614,1494.5,31.0,18.431372,24.705883
615,1494.5,31.0,18.431372,24.705883
616,1494.5,31.0,18.431372,24.705883
617,1494.5,31.0,18.431372,24.705883
618,1431.25,30.0,18.431372,24.705883
619,1431.25,30.0,18.431372,24.705883
620,1431.25,30.0,18.431372,24.705883
621,1352.25,29.0,20.392157,31.37255
622,1352.25,29.0,20.392157,31.37255
623,1352.25,29.0,20.392157,31.37255
624,1352.25,29.0,20.392157,31.37255
625,1334.25,29.0,19.215687,33.333332
626,1334.25,29.0,19.215687,33.333332
627,1334.25,29.0,19.215687,33.333332
628,1334.25,29.0,19.215687,33.333332
629,1097.5,29.0,19.215687,31.764706
630,1097.5,29.0,19.215687,31.764706
631,1097.5,29.0,19.215687,31.764706
632,1097.5,29.0,19.215687,38.431374
633,947.5,27.0,19.215687,38.431374
634,947.5,27.0,19.215687,38.431374
635,947.5,27.0,19.215687,38.431374
636,956.25,24.0,16.862745,29.80392
637,956.25,24.0,16.862745,29.80392
638,956.25,24.0,16.862745,29.80392
639,956.25,24.0,16.862745,29.80392
640,877.25,19.0,16.862745,27.450981
641,877.25,19.0,16.862745,27.450981
642,877.25,19.0,16.862745,27.450981
643,877.25,19.0,16.862745,28.62745
644,853.0,14.0,16.862745,28.62745
645,853.0,14.0,16.862745,28.62745
646,853.0,14.0,16.862745,28.62745
647,1179.5,12.0,24.313726,85.4902
648,1179.5,12.0,24.313726,85.4902
649,1179.5,12.0,24.313726,85.4902
650,1179.5,12.0,24.313726,85.4902
651,1771.75,22.0,24.313726,37.64706
652,1771.75,22.0,18.431372,37.64706
653,1771.75,22.0,18.431372,37.64706
654,1771.75,22.0,18.431372,37.64706
655,1233.5,25.0,17.254902,27.058823
656,1233.5,25.0,17.254902,27.058823
657,1233.5,25.0,17.254902,27.058823
658,1233.5,25.0,17.254902,31.37255
659,1178.75,26.0,21.960785,31.37255
660,1178.75,26.0,21.960785,31.37255
661,1178.75,26.0,21.960785,31.37255
662,1300.75,25.0,21.960785,52.156864
663,1300.75,25.0,21.568628,52.156864
664,1300.75,25.0,21.568628,52.156864
665,1300.75,25.0,21.568628,52.156864
666,1382.75,28.0,21.568628,46.27451
667,1382.75,28.0,21.568628,46.27451
668,1382.75,28.0,21.568628,46.27451
669,1382.75,28.0,21.568628,46.27451
670,1382.75,28.0,21.568628,32.941177
671,1474.0,31.0,20.0,32.941177
672,1474.0,31.0,20.0,32.941177
673,1474.0,31.0,20.0,32.941177
674,1451.5,30.0,20.0,33.72549
675,1451.5,30.0,20.0,33.72549
676,1451.5,30.0,20.0,33.72549
677,1451.5,30.0,20.0,33.72549
678,1438.25,30.0,19.215687,26.666666
679,1438.25,30.0,19.215687,26.666666
680,1438.25,30.0,19.215687,26.666666
681,1438.25,30.0,19.215687,31.37255
682,1456.25,30.0,20.0,31.37255
683,1456.25,30.0,20.0,31.37255
684,1456.25,30.0,20.0,31.37255
685,1500.0,30.0,20.0,25.490196
686,1500.0,32.0,18.431372,25.490196
687,1500.0,32.0,18.431372,25.490196
688,1500.0,32.0,18.431372,25.490196
689,1381.25,31.0,18.431372,22.745098
690,1381.25,31.0,18.431372,22.745098
691,1381.25,31.0,18.431372,22.745098
692,1381.25,31.0,18.431372,22.745098
693,933.5,27.0,16.862745,27.058823
694,933.5,27.0,16.862745,27.058823
695,933.5,27.0,16.862745,27.058823
696,933.5,27.0,16.862745,29.019608
697,825.75,26.0,16.862745,29.019608
698,825.75,26.0,16.862745,29.019608
699,825.75,26.0,16.862745,29.019608
700,842.75,23.0,19.215687,41.17647
701,842.75,23.0,19.215687,41.17647
702,842.75,23.0,19.215687,41.17647
703,842.75,23.0,19.215687,41.17647
704,1091.25,14.0,21.568628,68.23529
705,1091.25,14.0,21.568628,68.23529
706,1091.25,14.0,21.568628,68.23529
707,1091.25,14.0,21.568628,68.23529
708,1453.75,18.0,21.960785,47.843136
709,1453.75,18.0,21.960785,47.843136
710,1453.75,18.0,21.960785,47.843136
711,1453.75,18.0,21.960785,50.19608
712,1619.5,21.0,21.960785,50.19608
713,1619.5,21.0,21.960785,50.19608
714,1619.5,21.0,21.960785,50.19608
715,1126.5,23.0,25.09804,80.0
716,1126.5,23.0,25.09804,80.0
717,1126.5,23.0,25.09804,80.0
718,1126.5,23.0,25.09804,80.0
719,1342.75,27.0,25.09804,62.7451
720,1342.75,27.0,20.0,62.7451
721,1342.75,27.0,20.0,62.7451
722,1342.75,27.0,20.0,62.7451
723,1270.25,27.0,20.784313,36.47059
724,1270.25,27.0,20.784313,36.47059
725,1270.25,27.0,20.784313,36.47059
726,1270.25,27.0,20.784313,41.960785
727,1277.25,26.0,20.392157,41.960785
728,1277.25,26.0,20.392157,41.960785
729,1277.25,26.0,20.392157,41.960785
730,1105.25,26.0,20.392157,23.921568
731,1105.25,26.0,17.254902,23.921568
732,1105.25,26.0,17.254902,23.921568
733,1105.25,26.0,17.254902,23.921568
734,876.5,24.0,16.862745,27.058823
735,876.5,24.0,16.862745,27.058823
736,876.5,24.0,16.862745,27.058823
737,876.5,24.0,16.862745,27.843138
738,854.5,21.0,16.862745,27.843138
739,854.5,21.0,16.862745,27.843138
740,854.5,21.0,16.862745,27.843138
741,854.5,21.0,16.862745,27.843138
742,1275.0,14.0,26.27451,87.05882
743,1275.0,14.0,26.27451,87.05882
744,1275.0,14.0,26.27451,87.05882
745,1275.0,14.0,26.27451,28.235294
746,1273.25,22.0,20.392157,28.235294
747,1273.25,22.0,20.392157,28.235294
748,1273.25,22.0,20.392157,28.235294
749,1234.25,22.0,19.215687,55.294117
750,1234.25,22.0,19.215687,55.294117
751,1234.25,22.0,19.215687,55.294117
752,1234.25,22.0,19.215687,55.294117
753,1292.0,26.0,21.17647,47.45098
754,1292.0,26.0,21.17647,47.45098
755,1292.0,26.0,21.17647,47.45098
756,1292.0,26.0,21.17647,24.313726
757,1275.0,28.0,17.647058,24.313726
758,1275.0,28.0,17.647058,24.313726
759,1275.0,28.0,17.647058,24.313726
760,1165.5,25.0,17.647058,29.80392
761,1165.5,25.0,19.215687,29.80392
762,1165.5,25.0,19.215687,29.80392
763,1165.5,25.0,19.215687,29.80392
764,1258.5,25.0,20.784313,45.490196
765,1258.5,25.0,20.784313,45.490196
766,1258.5,25.0,20.784313,45.490196
767,1258.5,25.0,20.784313,29.411764
768,1350.0,27.0,17.647058,29.411764
769,1350.0,27.0,17.647058,29.411764
770,1350.0,27.0,17.647058,29.411764
771,1289.75,28.0,17.647058,24.313726
772,1289.75,28.0,17.647058,24.313726
773,1289.75,28.0,17.647058,24.313726
774,1289.75,28.0,17.647058,24.313726
775,1289.75,28.0,17.647058,41.17647
776,885.0,17.0,19.215687,41.17647
777,885.0,17.0,19.215687,41.17647
778,885.0,17.0,19.215687,41.17647
779,901.5,10.0,19.215687,40.0
780,901.5,10.0,19.215687,40.0
781,901.5,10.0,19.215687,40.0
782,901.5,10.0,19.215687,40.0
783,632.75,7.0,19.215687,58.82353
784,632.75,7.0,19.215687,58.82353
785,632.75,7.0,19.215687,58.82353
786,632.75,7.0,19.215687,67.45098
787,1010.0,11.0,21.17647,67.45098
788,1010.0,11.0,21.17647,67.45098
789,1010.0,11.0,21.17647,67.45098
790,1201.5,16.0,21.17647,43.52941
791,1201.5,16.0,20.392157,43.52941
792,1201.5,16.0,20.392157,43.52941
793,1201.5,16.0,20.392157,43.52941
794,1362.5,20.0,20.0,38.039215
795,1362.5,20.0,20.0,38.039215
796,1362.5,20.0,20.0,38.039215
797,1362.5,20.0,20.0,25.490196
798,1270.25,19.0,18.039215,25.490196
799,1270.25,19.0,18.039215,25.490196
800,1270.25,19.0,18.039215,25.490196
801,1251.5,18.0,18.039215,28.62745
802,1251.5,18.0,18.82353,28.62745
803,1251.5,18.0,18.82353,28.62745
804,1251.5,18.0,18.82353,28.62745
805,1260.75,18.0,18.431372,27.450981
806,1260.75,18.0,18.431372,27.450981
807,1260.75,18.0,18.431372,27.450981
808,1260.75,18.0,18.431372,27.450981
809,1183.5,18.0,17.254902,23.529411
810,1183.5,18.0,17.254902,23.529411
811,1183.5,18.0,17.254902,23.529411
812,1183.5,18.0,17.254902,23.529411
813,1050.0,20.0,21.960785,71.37255
814,1050.0,20.0,21.960785,71.37255
815,1050.0,20.0,21.960785,71.37255
816,1050.0,20.0,21.960785,47.058823
817,1166.25,24.0,19.607843,47.058823
818,1166.25,24.0,19.607843,47.058823
819,1166.25,24.0,19.607843,47.058823
820,1075.0,24.0,19.215687,32.941177
821,1075.0,24.0,19.215687,32.941177
822,1075.0,24.0,19.215687,32.941177
823,1075.0,24.0,19.215687,32.941177
824,968.75,21.0,19.215687,37.2549
825,968.75,21.0,19.215687,37.2549
826,968.75,21.0,19.215687,37.2549
827,968.75,21.0,19.215687,37.2549
828,978.0,16.0,19.215687,37.2549
829,978.0,16.0,19.215687,37.2549
830,978.0,16.0,19.215687,37.2549
831,978.0,16.0,19.215687,46.27451
832,2769.5,11.0,19.607843,46.27451
833,2769.5,11.0,19.607843,46.27451
834,2769.5,11.0,19.607843,46.27451
835,1155.25,9.0,19.215687,31.764706
836,1155.25,9.0,19.215687,31.764706
837,1155.25,9.0,19.215687,31.764706
838,1155.25,9.0,19.215687,31.764706
839,752.25,8.0,18.431372,35.686275
840,752.25,8.0,18.431372,35.686275
841,752.25,8.0,18.431372,35.686275
842,752.25,8.0,18.431372,77.64706
843,623.25,8.0,21.17647,77.64706
844,623.25,8.0,21.17647,77.64706
845,623.25,8.0,21.17647,77.64706
846,623.25,8.0,21.17647,60.39216
847,1271.0,17.0,19.607843,60.39216
848,1271.0,17.0,19.607843,60.39216
849,1271.0,17.0,19.607843,60.39216
850,1392.75,19.0,19.607843,34.117645
851,1392.75,19.0,20.0,34.117645
852,1392.75,19.0,20.0,34.117645
853,1392.75,19.0,20.0,34.117645
854,1410.0,20.0,20.392157,27.058823
855,1410.0,20.0,20.392157,27.058823
856,1410.0,20.0,20.392157,27.058823
857,1410.0,20.0,20.392157,32.941177
858,1066.25,19.0,19.215687,32.941177
859,1066.25,19.0,19.215687,32.941177
860,1066.25,19.0,19.215687,32.941177
861,1066.25,19.0,19.215687,36.07843
862,993.75,16.0,19.215687,36.07843
863,993.75,16.0,19.215687,36.07843
864,993.75,16.0,19.215687,36.07843
865,833.5,12.0,19.215687,41.568626
866,833.5,12.0,19.215687,41.568626
867,833.5,12.0,19.215687,41.568626
868,833.5,12.0,19.215687,41.568626
869,1103.75,13.0,20.784313,55.294117
870,1103.75,13.0,20.784313,55.294117
871,1103.75,13.0,20.784313,55.294117
872,1103.75,13.0,20.784313,32.941177
873,1099.0,16.0,19.215687,32.941177
874,1099.0,16.0,19.215687,32.941177
875,1099.0,16.0,19.215687,32.941177
876,989.0,15.0,19.215687,27.450981
877,989.0,15.0,16.862745,27.450981
878,989.0,15.0,16.862745,27.450981
879,989.0,15.0,16.862745,27.450981
880,767.75,13.0,19.607843,30.19608
881,767.75,13.0,19.607843,30.19608
882,767.75,13.0,19.607843,30.19608
883,767.75,13.0,19.607843,30.19608
884,1799.0,25.0,18.431372,26.666666
885,1799.0,25.0,18.431372,26.666666
886,1799.0,25.0,18.431372,26.666666
887,1799.0,25.0,18.431372,36.862743
888,1350.0,27.0,17.647058,36.862743
889,1350.0,27.0,17.647058,36.862743
890,1350.0,27.0,17.647058,36.862743
891,835.75,28.0,17.647058,25.490196
892,835.75,28.0,16.862745,25.490196
893,835.75,28.0,16.862745,25.490196
894,835.75,28.0,16.862745,25.490196
895,848.25,24.0,19.215687,41.568626
896,848.25,24.0,19.215687,41.568626
897,848.25,24.0,19.215687,41.568626
898,848.25,24.0,19.215687,41.568626
899,901.5,13.0,19.215687,40.0
900,901.5,13.0,19.215687,40.0
901,901.5,13.0,19.215687,40.0
902,901.5,13.0,19.215687,68.23529
903,914.0,11.0,19.215687,68.23529
904,914.0,11.0,19.215687,68.23529
905,914.0,11.0,19.215687,68.23529
906,946.75,13.0,19.215687,38.431374
907,946.75,13.0,19.215687,38.431374
908,946.75,13.0,19.215687,38.431374
909,946.75,13.0,19.215687,38.431374
910,944.5,7.0,19.215687,38.82353
911,944.5,7.0,19.215687,38.82353
912,944.5,7.0,19.215687,38.82353
913,944.5,7.0,19.215687,56.07843
914,971.0,6.0,19.215687,56.07843
915,971.0,6.0,19.215687,56.07843
916,971.0,6.0,19.215687,56.07843
917,971.0,6.0,19.215687,35.294117
918,532.0,3.0,16.862745,35.294117
919,532.0,3.0,16.862745,35.294117
920,532.0,3.0,16.862745,35.294117
921,1336.5,7.0,16.862745,34.509804
922,1336.5,7.0,17.647058,34.509804
923,1336.5,7.0,17.647058,34.509804
924,1336.5,7.0,17.647058,34.509804
925,1078.0,11.0,23.529411,86.27451
926,1078.0,11.0,23.529411,86.27451
927,1078.0,11.0,23.529411,86.27451
928,1078.0,11.0,23.529411,22.352942
929,1408.5,19.0,17.647058,22.352942
930,1408.5,19.0,17.647058,22.352942
931,1408.5,19.0,17.647058,22.352942
932,1408.5,19.0,17.647058,45.882355
933,1217.75,23.0,20.0,45.882355
934,1217.75,23.0,20.0,45.882355
935,1217.75,23.0,20.0,45.882355
936,1327.25,27.0,21.568628,49.80392
937,1327.25,27.0,21.568628,49.80392
938,1327.25,27.0,21.568628,49.80392
939,1327.25,27.0,21.568628,49.80392
940,1350.75,28.0,19.215687,33.333332
941,1350.75,28.0,19.215687,33.333332
942,1350.75,28.0,19.215687,33.333332
943,1350.75,28.0,19.215687,34.901962
944,1338.25,28.0,20.392157,34.901962
945,1338.25,28.0,20.392157,34.901962
946,1338.25,28.0,20.392157,34.901962
947,1331.25,28.0,20.0,35.686275
948,1331.25,28.0,20.0,35.686275
949,1331.25,28.0,20.0,35.686275
950,1331.25,28.0,20.0,35.686275
951,1323.25,27.0,20.0,37.2549
952,1323.25,27.0,19.215687,37.2549
953,1323.25,27.0,19.215687,37.2549
954,1323.25,27.0,19.215687,37.2549
955,1345.25,28.0,19.215687,31.764706
956,1345.25,28.0,19.215687,31.764706
957,1345.25,28.0,19.215687,31.764706
958,1345.25,28.0,19.215687,27.843138
959,1347.5,28.0,18.82353,27.843138
960,1347.5,28.0,18.82353,27.843138
961,1347.5,28.0,18.82353,27.843138
962,1333.5,28.0,18.82353,27.843138
963,1333.5,28.0,17.647058,27.843138
964,1333.5,28.0,17.647058,27.843138
965,1333.5,28.0,17.647058,27.843138
966,889.0,27.0,17.647058,25.882353
967,889.0,27.0,16.862745,25.882353
968,889.0,27.0,16.862745,25.882353
969,889.0,27.0,16.862745,25.882353
970,833.5,25.0,16.862745,28.62745
971,833.5,25.0,16.862745,28.62745
972,833.5,25.0,16.862745,28.62745
973,833.5,25.0,16.862745,41.568626
974,868.75,24.0,19.215687,41.568626
975,868.75,24.0,19.215687,41.568626
976,868.75,24.0,19.215687,41.568626
977,903.0,21.0,19.215687,40.0
978,903.0,21.0,19.215687,40.0
979,903.0,21.0,19.215687,40.0
980,903.0,21.0,19.215687,40.0
981,921.0,17.0,19.215687,39.215687
982,921.0,17.0,19.215687,39.215687
983,921.0,17.0,19.215687,39.215687
984,921.0,17.0,19.215687,39.215687
985,935.0,5.0,19.215687,38.431374
986,935.0,5.0,19.215687,38.431374
987,935.0,5.0,19.215687,38.431374
988,935.0,5.0,19.215687,38.431374
989,939.75,3.0,19.215687,38.431374
990,939.75,3.0,19.215687,38.431374
991,939.75,3.0,19.215687,38.431374
992,939.75,3.0,19.215687,34.509804
993,966.25,0.0,16.862745,34.509804
994,966.25,0.0,16.862745,34.509804
995,966.25,0.0,16.862745,34.509804
996,839.0,0.0,16.862745,28.235294
997,839.0,0.0,16.862745,28.235294
998,839.0,0.0,16.862745,28.235294
999,839.0,0.0,16.862745,28.235294
1000,784.25,0.0,16.862745,28.235294
1001,784.25,0.0,16.862745,28.235294
1002,784.25,0.0,16.862745,28.235294
1003,784.25,0.0,16.862745,28.235294
1004,756.25,0.0,16.470589,27.450981
1005,756.25,0.0,16.470589,27.450981
1006,756.25,0.0,16.470589,27.450981
1007,756.25,0.0,16.470589,28.235294
1008,740.5,0.0,16.470589,28.235294
1009,740.5,0.0,16.470589,28.235294
1010,740.5,0.0,16.470589,28.235294
1011,727.25,0.0,16.470589,28.62745
1012,727.25,0.0,16.470589,28.62745
1013,727.25,0.0,16.470589,28.62745
1014,727.25,0.0,16.470589,28.62745
1015,790.5,0.0,19.215687,45.490196
1016,790.5,0.0,19.215687,45.490196
1017,790.5,0.0,19.215687,45.490196
1018,790.5,0.0,19.215687,43.52941
1019,851.5,0.0,19.215687,43.52941
1020,851.5,0.0,19.215687,43.52941
1021,851.5,0.0,19.215687,43.52941
1022,851.5,0.0,19.215687,43.52941
1023,899.0,0.0,18.82353,38.82353
1024,899.0,0.0,18.82353,38.82353
1025,899.0,0.0,18.82353,38.82353
1026,899.0,0.0,18.82353,37.64706
1027,878.75,0.0,18.82353,37.64706
1028,878.75,0.0,18.82353,37.64706
1029,878.75,0.0,18.82353,37.64706
1030,858.5,0.0,18.82353,37.64706
1031,858.5,0.0,18.82353,37.64706
1032,858.5,0.0,18.82353,37.64706
1033,858.5,0.0,18.82353,37.64706
1034,853.75,0.0,16.862745,31.764706
1035,853.75,0.0,16.862745,31.764706
1036,853.75,0.0,16.862745,31.764706
1037,853.75,0.0,16.862745,31.764706
1038,800.75,0.0,16.862745,28.62745
1039,800.75,0.0,16.862745,28.62745
1040,800.75,0.0,16.862745,28.62745
1041,800.75,0.0,16.862745,27.843138
1042,767.75,0.0,16.470589,27.843138
1043,767.75,0.0,16.470589,27.843138
1044,767.75,0.0,16.470589,27.843138
1045,745.25,0.0,16.470589,27.450981
1046,745.25,0.0,16.470589,27.450981
1047,745.25,0.0,16.470589,27.450981
1048,745.25,0.0,16.470589,27.450981
1049,675.75,0.0,16.862745,33.333332
1050,675.75,0.0,16.862745,33.333332
1051,675.75,0.0,16.862745,33.333332
1052,675.75,0.0,16.862745,31.764706
1053,677.25,0.0,16.862745,31.764706
1054,677.25,0.0,16.862745,31.764706
1055,677.25,0.0,16.862745,31.764706
1056,677.25,0.0,16.862745,40.784313
1057,1383.5,6.0,23.921568,40.784313
1058,1383.5,6.0,23.921568,40.784313
1059,1383.5,6.0,23.921568,40.784313
1060,947.5,13.0,23.921568,84.70588
1061,947.5,13.0,27.450981,84.70588
1062,947.5,13.0,27.450981,84.70588
1063,947.5,13.0,27.450981,84.70588
1064,1471.0,19.0,21.17647,59.60784
1065,1471.0,19.0,21.17647,59.60784
1066,1471.0,19.0,21.17647,59.60784
1067,1471.0,19.0,21.17647,33.72549
1068,1091.25,21.0,19.215687,33.72549
1069,1091.25,21.0,19.215687,33.72549
1070,1091.25,21.0,19.215687,33.72549
1071,1062.5,21.0,19.215687,34.509804
1072,1062.5,21.0,19.215687,34.509804
1073,1062.5,21.0,19.215687,34.509804
1074,1062.5,21.0,19.215687,34.509804
1075,980.25,21.0,19.215687,37.64706
1076,980.25,20.0,19.215687,37.64706
1077,980.25,20.0,19.215687,37.64706
1078,980.25,20.0,19.215687,37.64706
1079,919.5,19.0,16.862745,25.882353
1080,919.5,19.0,16.862745,25.882353
1081,919.5,19.0,16.862745,25.882353
1082,919.5,19.0,16.862745,25.882353
1083,895.25,17.0,16.862745,27.058823
1084,895.25,17.0,16.862745,27.058823
1085,895.25,17.0,16.862745,27.058823
1086,895.25,17.0,16.862745,27.058823
1087,857.75,13.0,16.862745,27.058823
1088,857.75,13.0,16.862745,27.058823
1089,857.75,13.0,16.862745,27.058823
1090,865.5,10.0,16.862745,27.450981
1091,865.5,10.0,16.862745,27.450981
1092,865.5,10.0,16.862745,27.450981
1093,865.5,10.0,16.862745,27.450981
1094,865.5,10.0,16.862745,25.490196
1095,976.5,15.0,18.82353,25.490196
1096,976.5,15.0,18.82353,25.490196
1097,976.5,15.0,18.82353,25.490196
1098,960.75,14.0,19.215687,37.64706
1099,960.75,14.0,19.215687,37.64706
1100,960.75,14.0,19.215687,37.64706
1101,960.75,14.0,19.215687,37.64706
1102,979.5,12.0,20.0,50.19608
1103,979.5,12.0,20.0,50.19608
1104,979.5,12.0,20.0,50.19608
1105,979.5,12.0,20.0,34.509804
1106,1051.5,14.0,19.215687,34.509804
1107,1051.5,14.0,19.215687,34.509804
1108,1051.5,14.0,19.215687,34.509804
1109,1051.5,14.0,19.215687,43.137257
1110,1003.0,14.0,20.392157,43.137257
1111,1003.0,14.0,20.392157,43.137257
1112,1003.0,14.0,20.392157,43.137257
1113,1017.0,13.0,19.215687,36.07843
1114,1017.0,13.0,19.215687,36.07843
1115,1017.0,13.0,19.215687,36.07843
1116,1017.0,13.0,19.215687,36.07843
1117,986.5,13.0,16.862745,36.862743
1118,986.5,13.0,16.862745,36.862743
1119,986.5,13.0,16.862745,36.862743
1120,986.5,13.0,16.862745,26.666666
1121,871.0,11.0,16.862745,26.666666
1122,871.0,11.0,16.862745,26.666666
1123,871.0,11.0,16.862745,26.666666
1124,850.75,10.0,16.862745,27.450981
1125,850.75,10.0,16.862745,27.450981
1126,850.75,10.0,16.862745,27.450981
1127,850.75,10.0,16.862745,27.450981
1128,626.5,8.0,21.17647,40.784313
1129,626.5,8.0,21.17647,40.784313
1130,626.5,8.0,21.17647,40.784313
1131,626.5,8.0,21.17647,40.784313
1132,1563.25,21.0,20.0,43.92157
1133,1563.25,21.0,20.0,43.92157
1134,1563.25,21.0,20.0,43.92157
1135,1563.25,21.0,20.0,82.35294
1136,1128.0,22.0,22.352942,82.35294
1137,1128.0,22.0,22.352942,82.35294
1138,1128.0,22.0,22.352942,82.35294
1139,1319.5,27.0,22.352942,38.431374
1140,1319.5,27.0,17.647058,38.431374
1141,1319.5,27.0,17.647058,38.431374
1142,1319.5,27.0,17.647058,38.431374
1143,1277.25,26.0,17.647058,33.72549
1144,1277.25,26.0,19.607843,33.72549
1145,1277.25,26.0,19.607843,33.72549
1146,1277.25,26.0,19.607843,33.72549
1147,1229.5,26.0,17.254902,21.960785
1148,1229.5,26.0,17.254902,21.960785
1149,1229.5,26.0,17.254902,21.960785
1150,1229.5,26.0,17.254902,31.37255
1151,1125.75,24.0,18.431372,31.37255
1152,1125.75,24.0,18.431372,31.37255
1153,1125.75,24.0,18.431372,31.37255
1154,1136.5,24.0,18.431372,29.411764
1155,1136.5,24.0,18.431372,29.411764
1156,1136.5,24.0,18.431372,29.411764
1157,1136.5,24.0,18.431372,29.411764
1158,1127.25,23.0,18.82353,29.80392
1159,1127.25,23.0,18.82353,29.80392
1160,1127.25,23.0,18.82353,29.80392
1161,1127.25,23.0,18.82353,30.588236
1162,1122.5,23.0,18.82353,30.588236
1163,1122.5,23.0,18.82353,30.588236
1164,1122.5,23.0,18.82353,30.588236
1165,1122.5,23.0,18.82353,38.82353
1166,1157.75,22.0,20.0,38.82353
1167,1157.75,22.0,20.0,38.82353
1168,1157.75,22.0,20.0,38.82353
1169,1221.75,24.0,20.0,37.2549
1170,1221.75,24.0,20.0,37.2549
1171,1221.75,24.0,20.0,37.2549
1172,1221.75,24.0,20.0,37.2549
1173,1255.25,25.0,19.215687,33.333332
1174,1255.25,25.0,19.215687,33.333332
1175,1255.25,25.0,19.215687,33.333332
1176,1255.25,25.0,19.215687,33.333332
1177,1193.75,26.0,19.215687,22.745098
1178,1193.75,26.0,19.215687,22.745098
1179,1193.75,26.0,19.215687,22.745098
1180,1198.25,26.0,19.215687,30.588236
1181,1198.25,25.0,19.215687,30.588236
1182,1198.25,25.0,19.215687,30.588236
1183,1198.25,25.0,19.215687,30.588236
1184,1198.25,25.0,19.215687,27.450981
1185,1027.25,23.0,18.82353,27.450981
1186,1027.25,23.0,18.82353,27.450981
1187,1027.25,23.0,18.82353,27.450981
1188,957.75,21.0,18.039215,28.62745
1189,957.75,21.0,18.039215,28.62745
1190,957.75,21.0,18.039215,28.62745
1191,957.75,21.0,18.039215,28.62745
1192,1012.5,20.0,20.0,42.7451
1193,1012.5,20.0,20.0,42.7451
1194,1012.5,20.0,20.0,42.7451
1195,1012.5,20.0,20.0,50.588234
1196,1197.5,22.0,20.784313,50.588234
1197,1197.5,22.0,20.784313,50.588234
1198,1197.5,22.0,20.784313,50.588234
1199,1197.5,22.0,20.784313,35.294117
1200,1339.75,28.0,20.0,35.294117
1201,1339.75,28.0,20.0,35.294117
1202,1339.75,28.0,20.0,35.294117
1203,1320.25,28.0,20.0,21.568628
1204,1320.25,28.0,17.647058,21.568628
1205,1320.25,28.0,17.647058,21.568628
1206,1320.25,28.0,17.647058,21.568628
1207,1278.75,27.0,18.82353,27.058823
1208,1278.75,27.0,18.82353,27.058823
1209,1278.75,27.0,18.82353,27.058823
1210,1278.75,27.0,18.82353,25.09804
1211,1246.0,27.0,17.254902,25.09804
1212,1246.0,27.0,17.254902,25.09804
1213,1246.0,27.0,17.254902,25.09804
1214,1167.0,25.0,17.254902,35.686275
1215,1167.0,25.0,19.215687,35.686275
1216,1167.0,25.0,19.215687,35.686275
1217,1167.0,25.0,19.215687,35.686275
1218,1255.25,25.0,19.215687,35.686275
1219,1255.25,25.0,20.0,35.686275
1220,1255.25,25.0,20.0,35.686275
1221,1255.25,25.0,20.0,35.686275
1222,1330.25,27.0,17.647058,30.19608
1223,1330.25,27.0,17.647058,30.19608
1224,1330.25,27.0,17.647058,30.19608
1225,1330.25,27.0,17.647058,25.490196
1226,907.0,27.0,16.862745,25.490196
1227,907.0,27.0,16.862745,25.490196
1228,907.0,27.0,16.862745,25.490196
1229,828.0,26.0,16.862745,28.62745
1230,828.0,26.0,16.862745,28.62745
1231,828.0,26.0,16.862745,28.62745
1232,828.0,26.0,16.862745,28.62745
1233,805.25,22.0,16.862745,28.62745
1234,805.25,22.0,16.862745,28.62745
1235,805.25,22.0,16.862745,28.62745
1236,805.25,22.0,16.862745,28.62745
1237,805.25,22.0,16.862745,29.019608
1238,801.5,9.0,16.862745,29.019608
1239,801.5,9.0,16.862745,29.019608
1240,801.5,9.0,16.862745,29.019608
1241,814.75,6.0,16.862745,28.62745
1242,814.75,6.0,16.862745,28.62745
1243,814.75,6.0,16.862745,28.62745
1244,814.75,6.0,16.862745,28.62745
1245,741.25,6.0,16.862745,31.37255
1246,741.25,6.0,16.862745,31.37255
1247,741.25,6.0,16.862745,31.37255
1248,741.25,6.0,16.862745,30.19608
1249,772.5,3.0,16.862745,30.19608
1250,772.5,3.0,16.862745,30.19608
1251,772.5,3.0,16.862745,30.19608
1252,772.5,3.0,16.862745,34.117645
1253,685.75,3.0,17.254902,34.117645
1254,685.75,3.0,17.254902,34.117645
1255,685.75,3.0,17.254902,34.117645
1256,822.5,0.0,27.058823,70.196075
1257,822.5,0.0,27.058823,70.196075
1258,822.5,0.0,27.058823,70.196075
1259,822.5,0.0,27.058823,70.196075
1260,1168.75,13.0,25.09804,21.960785
1261,1168.75,13.0,25.09804,21.960785
1262,1168.75,13.0,25.09804,21.960785
1263,1168.75,13.0,25.09804,73.333336
1264,1719.5,20.0,22.352942,73.333336
1265,1719.5,20.0,22.352942,73.333336
1266,1719.5,20.0,22.352942,73.333336
1267,1415.5,25.0,29.80392,91.76471
1268,1415.5,25.0,29.80392,91.76471
1269,1415.5,25.0,29.80392,91.76471
1270,1415.5,25.0,29.80392,91.76471
1271,1706.25,32.0,29.80392,39.215687
1272,1706.25,32.0,18.039215,39.215687
1273,1706.25,32.0,18.039215,39.215687
1274,1706.25,32.0,18.039215,39.215687
1275,888.25,35.0,16.862745,24.705883
1276,888.25,35.0,16.862745,24.705883
1277,888.25,35.0,16.862745,24.705883
1278,888.25,35.0,16.862745,27.450981
1279,853.75,33.0,16.862745,27.450981
1280,853.75,33.0,16.862745,27.450981
1281,853.75,33.0,16.862745,27.450981
1282,857.0,32.0,16.862745,27.058823
1283,857.0,32.0,16.862745,27.058823
1284,857.0,32.0,16.862745,27.058823
1285,857.0,32.0,16.862745,27.058823
1286,805.25,30.0,16.862745,27.450981
1287,805.25,30.0,16.862745,27.450981
1288,805.25,30.0,16.862745,27.450981
1289,805.25,30.0,16.862745,27.450981
1290,841.25,26.0,16.862745,27.843138
1291,841.25,26.0,16.862745,27.843138
1292,841.25,26.0,16.862745,27.843138
1293,841.25,26.0,16.862745,27.843138
1294,825.0,17.0,16.862745,27.843138
1295,825.0,17.0,16.862745,27.843138
1296,825.0,17.0,16.862745,27.843138
1297,928.75,15.0,19.607843,27.450981
1298,928.75,15.0,19.607843,27.450981
1299,928.75,15.0,19.607843,27.450981
1300,928.75,15.0,19.607843,27.450981
1301,1122.5,14.0,20.0,38.431374
1302,1122.5,14.0,20.0,38.431374
1303,1122.5,14.0,20.0,38.431374
1304,1122.5,14.0,20.0,36.862743
1305,1382.0,18.0,17.647058,36.862743
1306,1382.0,18.0,17.647058,36.862743
1307,1382.0,18.0,17.647058,36.862743
1308,1382.0,18.0,17.647058,24.705883
1309,925.75,20.0,16.862745,24.705883
1310,925.75,20.0,16.862745,24.705883
1311,925.75,20.0,16.862745,24.705883
1312,814.75,17.0,16.862745,28.235294
1313,814.75,17.0,16.862745,28.235294
1314,814.75,17.0,16.862745,28.235294
1315,814.75,17.0,16.862745,28.235294
1316,914.0,18.0,20.392157,53.333332
1317,914.0,18.0,20.392157,53.333332
1318,914.0,18.0,20.392157,53.333332
1319,914.0,18.0,20.392157,49.019608
1320,1150.75,22.0,20.784313,49.019608
1321,1150.75,22.0,20.784313,49.019608
1322,1150.75,22.0,20.784313,49.019608
1323,1150.75,22.0,20.784313,33.72549
1324,1281.25,25.0,19.607843,33.72549
1325,1281.25,25.0,19.607843,33.72549
1326,1281.25,25.0,19.607843,33.72549
1327,793.75,28.0,19.607843,23.137255
1328,793.75,28.0,17.647058,23.137255
1329,793.75,28.0,17.647058,23.137255
1330,793.75,28.0,17.647058,23.137255
1331,787.5,26.0,16.862745,28.62745
1332,787.5,26.0,16.862745,28.62745
1333,787.5,26.0,16.862745,28.62745
1334,787.5,26.0,16.862745,28.235294
1335,796.0,22.0,16.862745,28.235294
1336,796.0,22.0,16.862745,28.235294
1337,796.0,22.0,16.862745,28.235294
1338,810.75,12.0,16.862745,29.019608
1339,810.75,12.0,16.862745,29.019608
1340,810.75,12.0,16.862745,29.019608
1341,810.75,12.0,16.862745,29.019608
1342,803.75,5.0,16.862745,28.235294
1343,803.75,5.0,16.862745,28.235294
1344,803.75,5.0,16.862745,28.235294
1345,803.75,5.0,16.862745,28.235294
1346,823.25,3.0,16.862745,27.843138
1347,823.25,3.0,16.862745,27.843138
1348,823.25,3.0,16.862745,27.843138
1349,823.25,3.0,16.862745,27.843138
1350,639.0,0.0,16.862745,33.72549
1351,639.0,0.0,16.862745,33.72549
1352,639.0,0.0,16.862745,33.72549
1353,715.5,0.0,16.862745,32.54902
1354,715.5,0.0,17.254902,32.54902
1355,715.5,0.0,17.254902,32.54902
1356,715.5,0.0,17.254902,32.54902
1357,1035.0,0.0,23.529411,76.07843
1358,1035.0,0.0,23.529411,76.07843
1359,1035.0,0.0,23.529411,76.07843
1360,1035.0,0.0,23.529411,76.07843
1361,1046.0,15.0,18.82353,20.784313
1362,1046.0,15.0,18.82353,20.784313
1363,1046.0,15.0,18.82353,20.784313
1364,1046.0,15.0,18.82353,30.19608
1365,1062.5,14.0,16.862745,30.19608
1366,1062.5,14.0,16.862745,30.19608
1367,1062.5,14.0,16.862745,30.19608
1368,994.5,15.0,16.862745,23.529411
1369,994.5,15.0,16.862745,23.529411
1370,994.5,15.0,16.862745,23.529411
1371,994.5,15.0,16.862745,23.529411
1372,850.0,13.0,16.862745,25.490196
1373,850.0,13.0,16.862745,25.490196
1374,850.0,13.0,16.862745,25.490196
1375,850.0,13.0,16.862745,29.019608
1376,736.5,12.0,16.862745,29.019608
1377,736.5,12.0,16.862745,29.019608
1378,736.5,12.0,16.862745,29.019608
1379,736.5,12.0,16.862745,72.94118
1380,800.0,9.0,20.784313,72.94118
1381,800.0,9.0,20.784313,72.94118
1382,800.0,9.0,20.784313,72.94118
1383,1035.0,15.0,20.784313,27.450981
1384,1035.0,15.0,16.862745,27.450981
1385,1035.0,15.0,16.862745,27.450981
1386,1035.0,15.0,16.862745,27.450981
1387,966.25,14.0,16.862745,23.921568
1388,966.25,14.0,16.862745,23.921568
1389,966.25,14.0,16.862745,23.921568
1390,966.25,14.0,16.862745,28.235294
1391,707.75,13.0,16.862745,28.235294
1392,707.75,13.0,16.862745,28.235294
1393,707.75,13.0,16.862745,28.235294
1394,694.5,8.0,16.862745,60.784313
1395,694.5,8.0,21.17647,60.784313
1396,694.5,8.0,21.17647,60.784313
1397,694.5,8.0,21.17647,60.784313
1398,1118.75,14.0,22.745098,59.60784
1399,1118.75,14.0,22.745098,59.60784
1400,1118.75,14.0,22.745098,59.60784
1401,1118.75,14.0,22.745098,59.60784
1402,1103.75,13.0,21.17647,60.784313
1403,1103.75,13.0,21.17647,60.784313
1404,1103.75,13.0,21.17647,60.784313
1405,1103.75,13.0,21.17647,26.27451
1406,1182.75,17.0,18.431372,26.27451
1407,1182.75,17.0,18.431372,26.27451
1408,1182.75,17.0,18.431372,26.27451
1409,1228.75,18.0,18.431372,26.666666
1410,1228.75,18.0,18.82353,26.666666
1411,1228.75,18.0,18.82353,26.666666
1412,1228.75,18.0,18.82353,26.666666
1413,1215.5,17.0,17.254902,23.921568
1414,1215.5,17.0,17.254902,23.921568
1415,1215.5,17.0,17.254902,23.921568
1416,1215.5,17.0,17.254902,23.921568
1417,901.5,17.0,16.862745,24.313726
1418,901.5,17.0,16.862745,24.313726
1419,901.5,17.0,16.862745,24.313726
1420,901.5,17.0,16.862745,25.882353
1421,880.25,16.0,16.862745,25.882353
1422,880.25,16.0,16.862745,25.882353
1423,880.25,16.0,16.862745,25.882353
1424,855.25,13.0,16.862745,26.666666
1425,855.25,13.0,16.862745,26.666666
1426,855.25,13.0,16.862745,26.666666
1427,855.25,13.0,16.862745,26.666666
1428,859.25,7.0,16.862745,27.058823
1429,859.25,7.0,16.862745,27.058823
1430,859.25,7.0,16.862745,27.058823
1431,859.25,7.0,16.862745,27.450981
1432,850.75,4.0,16.862745,27.450981
1433,850.75,4.0,16.862745,27.450981
1434,850.75,4.0,16.862745,27.450981
1435,850.75,4.0,16.862745,27.450981
1436,848.25,0.0,16.862745,26.666666
1437,848.25,0.0,16.862745,26.666666
1438,848.25,0.0,16.862745,26.666666
1439,848.25,0.0,16.862745,26.666666
1440,848.25,0.0,16.862745,26.666666
1441,848.25,0.0,16.862745,26.666666
1442,848.25,0.0,16.862745,26.666666
1443,811.5,0.0,16.470589,25.882353
1444,811.5,0.0,16.470589,25.882353
1445,811.5,0.0,16.470589,25.882353
1446,811.5,0.0,16.470589,25.882353
1447,782.75,0.0,16.470589,25.882353
1448,782.75,0.0,16.470589,25.882353
1449,782.75,0.0,16.470589,25.882353
1450,782.75,0.0,16.470589,26.27451
1451,766.25,0.0,16.470589,26.27451
1452,766.25,0.0,16.470589,26.27451
1453,766.25,0.0,16.470589,26.27451
1454,766.25,0.0,16.470589,27.058823
1455,757.0,0.0,16.470589,27.058823
1456,757.0,0.0,16.470589,27.058823
1457,757.0,0.0,16.470589,27.058823
1458,746.0,0.0,16.470589,27.058823
1459,746.0,0.0,16.470589,27.058823
1460,746.0,0.0,16.470589,27.058823
1461,746.0,0.0,16.470589,27.058823
1462,743.75,0.0,16.470589,27.058823
1463,743.75,0.0,16.470589,27.058823
1464,743.75,0.0,16.470589,27.058823
1465,743.75,0.0,16.470589,27.058823
1466,739.75,0.0,16.470589,27.058823
1467,739.75,0.0,16.470589,27.058823
1468,739.75,0.0,16.470589,27.058823
1469,738.25,0.0,16.470589,27.058823
1470,738.25,0.0,16.470589,27.058823
1471,738.25,0.0,16.470589,27.058823
1472,738.25,0.0,16.470589,27.058823
1473,738.25,0.0,16.470589,27.058823
1474,724.0,0.0,16.470589,27.058823
1475,724.0,0.0,16.470589,27.058823
1476,724.0,0.0,16.470589,27.058823
1477,721.0,0.0,16.470589,27.058823
1478,721.0,0.0,16.470589,27.058823
1479,721.0,0.0,16.470589,27.058823
1480,721.0,0.0,16.470589,27.058823
1481,714.75,0.0,16.470589,27.058823
1482,714.75,0.0,16.470589,27.058823
1483,714.75,0.0,16.470589,27.058823
1484,714.75,0.0,16.470589,27.058823
1485,713.25,0.0,16.470589,27.058823
1486,713.25,0.0,16.470589,27.058823
1487,713.25,0.0,16.470589,27.058823
1488,707.75,0.0,16.470589,27.058823
1489,707.75,0.0,16.470589,27.058823
1490,707.75,0.0,16.470589,27.058823
1491,707.75,0.0,16.470589,27.058823
1492,708.5,0.0,16.470589,27.058823
1493,708.5,0.0,16.470589,27.058823
1494,708.5,0.0,16.470589,27.058823
1495,708.5,0.0,16.470589,27.058823
1496,714.75,0.0,16.470589,27.450981
1497,714.75,0.0,16.470589,27.450981
1498,714.75,0.0,16.470589,27.450981
1499,705.25,0.0,16.470589,27.450981
1500,705.25,0.0,16.470589,27.450981
1501,705.25,0.0,16.470589,27.450981
1502,705.25,0.0,16.470589,27.450981
1503,708.5,0.0,16.470589,27.058823
1504,708.5,0.0,16.470589,27.058823
1505,708.5,0.0,16.470589,27.058823
1506,708.5,0.0,16.470589,27.058823
1507,710.0,0.0,16.470589,27.450981
1508,710.0,0.0,16.470589,27.450981
1509,710.0,0.0,16.470589,27.450981
1510,710.0,0.0,16.470589,27.450981
1511,700.75,0.0,16.470589,27.058823
1512,700.75,0.0,16.470589,27.058823
1513,700.75,0.0,16.470589,27.058823
1514,700.75,0.0,16.470589,27.058823
1515,703.0,0.0,16.470589,27.058823
1516,703.0,0.0,16.470589,27.058823
1517,703.0,0.0,16.470589,27.058823
1518,703.0,0.0,16.470589,27.058823
1519,703.0,0.0,16.470589,27.058823
1520,703.0,0.0,16.470589,27.058823
1521,703.0,0.0,16.470589,27.058823
1522,700.0,0.0,16.470589,27.058823
1523,700.0,0.0,16.470589,27.058823
1524,700.0,0.0,16.470589,27.058823
1525,700.0,0.0,16.470589,27.450981
1526,697.5,0.0,16.470589,27.450981
1527,697.5,0.0,16.470589,27.450981
1528,697.5,0.0,16.470589,27.450981
1529,704.5,0.0,16.470589,27.450981
1530,704.5,0.0,16.470589,27.450981
1531,704.5,0.0,16.470589,27.450981
1532,704.5,0.0,16.470589,27.450981
1533,700.75,0.0,16.470589,27.450981
1534,700.75,0.0,16.470589,27.450981
1535,700.75,0.0,16.470589,27.450981
1536,700.75,0.0,16.470589,27.450981
1537,701.5,0.0,16.470589,27.450981
1538,701.5,0.0,16.470589,27.450981
1539,701.5,0.0,16.470589,27.450981
1540,696.75,0.0,16.470589,27.450981
1541,696.75,0.0,16.470589,27.450981
1542,696.75,0.0,16.470589,27.450981
1543,696.75,0.0,16.470589,27.450981
